<?xml version="1.0" encoding="UTF-8"?>
<xsd:schema xmlns:xsd="http://www.w3.org/2001/XMLSchema">
    <xsd:element name="trabajador">
        <xsd:complexType>
            <xsd:sequence>
                <xsd:element name="edad" type="edadType"/>
            </xsd:sequence>
        </xsd:complexType>
    </xsd:element>

    <xsd:simpleType name="edadType">
        <xsd:restriction base="xsd:integer">
            <xsd:minInclusive value="16"/>
            <xsd:maxInclusive value="65"/>
        </xsd:restriction>
    </xsd:simpleType>
</xsd:schema>