{
	"cartelera": {
		"película": [
			{
				"título": "AQUELLAS JUERGAS UNIVERSITARIAS",
				"título_original": "Old School",
				"nacionalidad": "Estados Unidos",
				"género": "Comedia",
				"clasificación": {
					"_edad": "tp"
				},
				"sinopsis": "Mitch, Frank y Beanie son tres amigos treintañeros cuyas vidas no son\n \texactamente lo que esperaban. Mitch tiene una novia ninfómana que se mete en\n\tla cama con el primero que agarra. Frank se ha casado y su matrimonio nada\n  \ttiene que ver con las juergas salvajes que organizaban años atrás. Y Beanie es\n  \tun padre de familia que se muere por recuperar su alocada juventud. Pero las\n  \tcosas cambian cuando Beanie sugiere que creen su propia fraternidad, en la\n  \tnueva casa que Mitch tiene junto al campus de la universidad. Una ocasión para\n  \trevivir tiempos gloriosos, hacer nuevos amigos y de volver a sus viejas,\n  \tsalvajes y desmadradas juergas de estudiantes.",
				"director": "Todd Philips",
				"reparto": {
					"actor": [
						{
							"nombre": "Will",
							"apellidos": "Ferrell",
							"fechaNacimiento": "1967-07-16"
						},
						{
							"nombre": "Luke",
							"apellidos": "Wilson",
							"fechaNacimiento": "1971-09-21"
						},
						{
							"nombre": "Vince",
							"apellidos": "Vaughn",
							"fechaNacimiento": "1970-03-28"
						}
					]
				},
				"web": "http://www.uip.es",
				"cartel": "caratulas/Aquellas juergas.jpg",
				"_código": "1",
				"_duración": "152",
				"_año": "2002"
			},
			{
				"título": "EL ORO DE MOSCÚ",
				"nacionalidad": "España",
				"género": "Comedia",
				"sin_clasificar": "",
				"sinopsis": "Por una extraña coincidencia del destino, alguien recibe una información\n\t  extraconfidencial de un anciano en sus últimos segundos de vida: el secreto\n\t  mejor guardado de la Historia. El receptor, un trabajador de hospital, se lo\n\t  comunica secretamente a un supuesto amigo. Ambos inician una aventura\n\t  rocambolesca y llena de misterio. Ante la inutilidad de sus intentos y muy a\n\t  su pesar, tienen que recurrir a otras personas que asimismo van cayendo en el\n\t  pozo sin fondo que conlleva descifrar el enigma.",
				"director": "Jesús Bonilla",
				"reparto": {
					"actor": [
						{
							"nombre": "Jesús",
							"apellidos": "Bonilla",
							"fechaNacimiento": "1955-09-01"
						},
						{
							"nombre": "Santiago",
							"apellidos": "Segura",
							"fechaNacimiento": "1965-07-17"
						},
						{
							"nombre": "Alfredo",
							"apellidos": "Landa",
							"fechaNacimiento": "1933-03-03"
						},
						{
							"nombre": "Concha",
							"apellidos": "Velasco",
							"fechaNacimiento": "1939-11-29"
						}
					]
				},
				"_código": "17",
				"_duración": "06"
			}
		],
		"_xmlns:xsi": "http://www.w3.org/2001/XMLSchema-instance",
		"_xsi:noNamespaceSchemaLocation": "XMLSchemaAvanzados06_cartelera.xsd"
	}
}
