<?xml version="1.0" encoding="UTF-8"?>
<?xml-stylesheet href="liga_2c.xsl" type="text/xsl"?>
<liga>
    <equipo>
        <codigo>Equipo001</codigo>
        <nombre>Abaran</nombre>
        <entrenador>Alex Ferguson</entrenador>
        <fundacion>1952</fundacion>
        <presupuesto>1500000000000</presupuesto>
        <puntos>23</puntos>
    </equipo>
   
    <equipo>
        <codigo>Equipo002</codigo>
        <nombre>Blanca</nombre>
        <entrenador>Vicente del Bosque</entrenador>
        <fundacion>1946</fundacion>
        <presupuesto>7200000</presupuesto>
        <puntos>16</puntos>
    </equipo>
    

    <equipo>
        <codigo>Equipo003</codigo>
        <nombre>Cieza</nombre>
        <entrenador>Louis Van Gaal</entrenador>
        <fundacion>1948</fundacion>
        <presupuesto>19000000</presupuesto>
        <puntos>20</puntos>
    </equipo>
 

    <equipo>
        <codigo>Equipo004</codigo>
        <nombre>Jumilla</nombre>
        <entrenador>Arrigo Sacchi</entrenador>
        <fundacion>1951</fundacion>
        <presupuesto>3100000000</presupuesto>
        <puntos>10</puntos>
    </equipo>
   
    <equipo>
        <codigo>Equipo005</codigo>
        <nombre>Yecla</nombre>
        <entrenador>Rafael Benitez</entrenador>
        <fundacion>1925</fundacion>
        <presupuesto>45000000000</presupuesto>
        <puntos>15</puntos>
    </equipo>

    <equipo>
        <codigo>Equipo006</codigo>
        <nombre>Plus Ultra</nombre>
        <entrenador>Rafael Benitez</entrenador>
        <fundacion>1965</fundacion>
        <presupuesto>53000000000</presupuesto>
        <puntos>45</puntos>
    </equipo>

    <equipo>
        <codigo>Equipo007</codigo>
        <nombre>Lorqui</nombre>
        <entrenador>Vicente del Bosque</entrenador>
        <fundacion>1972</fundacion>
        <presupuesto>62000000000</presupuesto>
        <puntos>24</puntos>
    </equipo>
 
</liga>