<?xml version="1.0" encoding="UTF-8"?>
<?xml-stylesheet type="text/xsl" href="pelicula_a.xsl"?>
<pelicula titulo="Brazil" estreno="1985" minutos="142">
    <direccion>
        <director nombre="Terry" apellidos="Gilliam"/>
    </direccion>
    <produccion>
        <productor nombre="Patrick" apellidos="Cassavetti"/>
        <productor nombre="Arnon" apellidos="Milchan"/>
    </produccion>
    <guion>
        <guionista nombre="Terry" apellidos="Guilliam"/>
        <guionista nombre="Tom" apellidos="Stoppard"/>
        <guionista nombre="Charles" apellidos="McKeown"/>
    </guion>
    <reparto>
        <interprete nombre="Jonathan" apellidos="Pryce" papel="protagonista"/>
        <interprete nombre="Robert" apellidos="De Niro" papel="protagonista"/>
        <interprete nombre="Kim" apellidos="Greist" papel="protagonista"/>
        <interprete nombre="Michael" apellidos="Palin" papel="secundario"/>
        <interprete nombre="Ian" apellidos="Holm" papel="secundario"/>
        <interprete nombre="Bob" apellidos="Hoskin" papel="secundario"/>
    </reparto>
    <sloganes>
        <eslogan>
            Vuelos fantasticos. La pesadilla de la realidad. Ataques terroristas. Compras a media nombre. Amor verdadero. Y fontanería creativa.
        </eslogan>
    </sloganes>
</pelicula>